"SourcePath","CopiedPath","SizeBytes","SHA256","ExactCopy"
".pilz_safety_software/ROB_REV22_PILZ_Safety_Software_HMI_Diagnostics (1).docx","PILZ/sources/.pilz_safety_software/ROB_REV22_PILZ_Safety_Software_HMI_Diagnostics (1).docx","13033","194BC1714CA0141C852A10F34EEBA756734A1436A2301F3BA1A2A71F00EB2E34","True"
".pilz_safety_software/ROB_REV23_PILZ_PROFINET_NonSafety_Diagnostics_Interface.docx","PILZ/sources/.pilz_safety_software/ROB_REV23_PILZ_PROFINET_NonSafety_Diagnostics_Interface.docx","11557","7D8A80B1228AB7E05E086AD98E44B7FCCA4FA894CE78791645CC4F7F43C1F3C6","True"
"docs/PENDENZE_OPEN_POINTS_IT.md","PILZ/sources/docs/PENDENZE_OPEN_POINTS_IT.md","19577","661265C51BF3FE95C959259B977EF21E4B6B6EC8F738F9DA55B366148A09344A","True"
"docs/ROB_IMPLEMENTATION_STATUS_2026-09-21.md","PILZ/sources/docs/ROB_IMPLEMENTATION_STATUS_2026-09-21.md","7244","6622513622BC3B4E6FFE1A379F63844EDEC7B340E80A643E42A164526D5A1F2A","True"
"fixtures/references/tia-import-rev10/DOOR_ACCESS_SEQUENCE.md","PILZ/sources/fixtures/references/tia-import-rev10/DOOR_ACCESS_SEQUENCE.md","7178","951103D5A7B92798E7170AE45BC7D338F513C802A714EE3CFA0A4A8610738D7E","True"
"logs/change-log/2026-08-11.md","PILZ/sources/logs/change-log/2026-08-11.md","21349","1DE24A31DAB5B1DA6B1A86806C8812FF489B9ADC92309FFB7216F49EC7534482","True"
"outputs/PILZ_PLC_HMI_IMPLEMENTATION_2026-08-15/COMPLETION_LEDGER.md","PILZ/sources/outputs/PILZ_PLC_HMI_IMPLEMENTATION_2026-08-15/COMPLETION_LEDGER.md","1226","084D6024C340FB6F54F7BC1ABD8ED5198546AB1B3D7612DE1C6276A13049D888","True"
"outputs/PILZ_PLC_HMI_IMPLEMENTATION_2026-08-15/IMPLEMENTATION_REPORT.md","PILZ/sources/outputs/PILZ_PLC_HMI_IMPLEMENTATION_2026-08-15/IMPLEMENTATION_REPORT.md","2811","B71AC1719E25F5970735A561FCDD43910ECAEB727932D3D28E3A3A0C3E67ED82","True"
"outputs/PILZ_PLC_HMI_IMPLEMENTATION_2026-08-15/PILZ_FAT_CHECKLIST.csv","PILZ/sources/outputs/PILZ_PLC_HMI_IMPLEMENTATION_2026-08-15/PILZ_FAT_CHECKLIST.csv","3658","B480B980E932CA306CE554B2C0F37F3A4C7D3EE52264C8B4D9AD776CADE746F9","True"
"outputs/PILZ_PLC_HMI_IMPLEMENTATION_2026-08-15/PILZ_LOCAL_SAFETY_IO_ALLOCATION.csv","PILZ/sources/outputs/PILZ_PLC_HMI_IMPLEMENTATION_2026-08-15/PILZ_LOCAL_SAFETY_IO_ALLOCATION.csv","4887","4366B1556CDC72A9A17FC07EF09DF703F12D1F8253C0844D7823975A312CC623","True"
"outputs/PILZ_PLC_HMI_IMPLEMENTATION_2026-08-15/PILZ_PROFINET_LOGICAL_TELEGRAM_PROPOSAL.csv","PILZ/sources/outputs/PILZ_PLC_HMI_IMPLEMENTATION_2026-08-15/PILZ_PROFINET_LOGICAL_TELEGRAM_PROPOSAL.csv","2816","395D2845252A0FFC665C5A2E0015D19CADCD8F414C33F3949BA47F78DCD72494","True"
"outputs/PILZ_PLC_HMI_IMPLEMENTATION_2026-08-15/PILZ_SAFETY_LOGIC_IMPLEMENTATION_WORKSHEET.md","PILZ/sources/outputs/PILZ_PLC_HMI_IMPLEMENTATION_2026-08-15/PILZ_SAFETY_LOGIC_IMPLEMENTATION_WORKSHEET.md","2625","8FFFDD00E2C44CAD999397280E3BF18868FE234485D542E6505A57656C9BD69E","True"
"outputs/REV22_PILZ_Safety_Software_HMI_Diagnostics/REV22_Audit_and_Open_Items.md","PILZ/sources/outputs/REV22_PILZ_Safety_Software_HMI_Diagnostics/REV22_Audit_and_Open_Items.md","3037","D52A3E071D52F836D4DE1AEF0F6B17882A5B36E4595BA85D40925A6B316626E1","True"
"outputs/REV23_PILZ_PROFINET_NonSafety_Diagnostics/REV23_Implementation_Ledger.md","PILZ/sources/outputs/REV23_PILZ_PROFINET_NonSafety_Diagnostics/REV23_Implementation_Ledger.md","1161","A858F313406AC67954318C0131FC412DDDDB40C0B4198CAC2AC19EAF637EA6B7","True"
"outputs/REV23_PILZ_PROFINET_NonSafety_Diagnostics/REV23_PILZ_PROFINET_Mapping_Report.md","PILZ/sources/outputs/REV23_PILZ_PROFINET_NonSafety_Diagnostics/REV23_PILZ_PROFINET_Mapping_Report.md","4750","8FAD01F0498E3849BE90A0B037DD68BC61F9DDAF070D465CC8E85081D70EE016","True"
"REV12/00_README_FIRST.md","PILZ/sources/REV12/00_README_FIRST.md","3302","02190B84E7EE9B1779422E801057BAC9231A193FF96CED6965680FA508ED3020","True"
"REV12/Documentation/REV12_IO_Tag_Mapping.csv","PILZ/sources/REV12/Documentation/REV12_IO_Tag_Mapping.csv","2091","F4B9365973838ED6596FD99CA02CE3FF49ABCD48A4BE864FE5570406F65DE14C","True"
"REV12/Documentation/REV12_Master_Cable_Schedule.csv","PILZ/sources/REV12/Documentation/REV12_Master_Cable_Schedule.csv","5616","8E0C1568C92373CB4B58D55B433F45A9F1F1814FCFC69CAE0CFE59DF6AD05F52","True"
"REV12/PLC_Sources/03_FB_MainState.scl","PILZ/sources/REV12/PLC_Sources/03_FB_MainState.scl","6770","29E2B2CCB081D17E7E034032744757D8E04FD8B9C068ED48B98A07BAE86D8156","True"
"REV12/PLC_Sources/09_FB_SMC_ValveManager.scl","PILZ/sources/REV12/PLC_Sources/09_FB_SMC_ValveManager.scl","1981","C50142D6027CEE6570D91F6BF5637DE388A91E198FED59820A5545532E0DEAF3","True"
"REV12/PLC_Sources/10_FB_AlarmManager.scl","PILZ/sources/REV12/PLC_Sources/10_FB_AlarmManager.scl","6148","33721B6763D0665649857F7FCA1788EF02B52D89E508E9A1E33D94AE280C0418","True"
"REV12/PLC_Sources/10A_FB_DoorAccess.scl","PILZ/sources/REV12/PLC_Sources/10A_FB_DoorAccess.scl","5521","E85D20612673487C0739F9C2A055F30E3A3193E99B848AADF43740D81A0EBE44","True"
"REV12/PLC_Sources/11_FB_Application.scl","PILZ/sources/REV12/PLC_Sources/11_FB_Application.scl","52033","902E9216C7A9688CF84AD769EDC2EE19FD1D0B32AE18BC0649FE1CEAB9014E8C","True"
"REV12/REV12_MANIFEST.json","PILZ/sources/REV12/REV12_MANIFEST.json","3065","2CC9016DBDA6B3E119A92FEF0D527719E8F83CC0FFA05F41A00D9AD9BB86DAEB","True"
